{
  "netlify/functions/api.ts": 1780315004.1597433,
  "packages/shared/src/index.ts": 1779257000.0363495,
  "apps/web/vite.config.d.ts": 1778683205.5949295,
  "apps/web/vite.config.js": 1778683205.4944375,
  "apps/web/tailwind.config.ts": 1778746182.748159,
  "apps/web/vite.config.ts": 1778682457.457125,
  "apps/web/postcss.config.js": 1778682457.812054,
  "apps/web/src/main.tsx": 1778744297.0394802,
  "apps/web/src/router.tsx": 1779295861.6648996,
  "apps/web/src/vite-env.d.ts": 1778683183.976651,
  "apps/web/src/types/forms.ts": 1778682458.4351397,
  "apps/web/src/contexts/LocaleContext.tsx": 1778744658.5311983,
  "apps/web/src/contexts/auth-context.ts": 1778683224.4265628,
  "apps/web/src/contexts/AuthContext.tsx": 1778683224.5238707,
  "apps/web/src/utils/routes.ts": 1778682458.5835066,
  "apps/web/src/components/ParentFormModal.tsx": 1778751533.7042537,
  "apps/web/src/components/LanguageSelect.tsx": 1778821689.2637582,
  "apps/web/src/components/TeacherFormModal.tsx": 1778751171.7991376,
  "apps/web/src/components/GradeFormModal.tsx": 1779170097.4291873,
  "apps/web/src/components/StatCard.tsx": 1778747351.216333,
  "apps/web/src/components/ProfileChat.tsx": 1778760438.4230685,
  "apps/web/src/components/ResponsiveTable.tsx": 1778705404.2463913,
  "apps/web/src/components/OfflineSyncBanner.tsx": 1779068252.9227514,
  "apps/web/src/components/ClassFormModal.tsx": 1778771619.8354347,
  "apps/web/src/components/StudentFormModal.tsx": 1778695226.665244,
  "apps/web/src/components/Button.tsx": 1778746182.82861,
  "apps/web/src/components/EmptyState.tsx": 1778694491.478749,
  "apps/web/src/components/LoadingRows.tsx": 1778694491.5663986,
  "apps/web/src/components/Input.tsx": 1778746182.916301,
  "apps/web/src/layouts/AuthLayout.tsx": 1778821727.9192522,
  "apps/web/src/layouts/AppLayout.tsx": 1779246514.6185374,
  "apps/web/src/hooks/useAuth.ts": 1778683224.6234803,
  "apps/web/src/hooks/useNetworkStatus.ts": 1779068234.4866164,
  "apps/web/src/pages/GradesPage.tsx": 1778779386.693147,
  "apps/web/src/pages/TeacherProfilePage.tsx": 1778760467.823006,
  "apps/web/src/pages/ClassDetailsPage.tsx": 1778771660.7198884,
  "apps/web/src/pages/StudentDetailsPage.tsx": 1778779442.351501,
  "apps/web/src/pages/Login.tsx": 1778746974.33074,
  "apps/web/src/pages/Dashboard.tsx": 1779246576.4975734,
  "apps/web/src/pages/ParentsPage.tsx": 1778760526.9468477,
  "apps/web/src/pages/TeachersPage.tsx": 1778760510.2788498,
  "apps/web/src/pages/PlaceholderPage.tsx": 1778750048.1673763,
  "apps/web/src/pages/AttendancePage.tsx": 1779068312.4447112,
  "apps/web/src/pages/StudentsPage.tsx": 1778750033.0781217,
  "apps/web/src/pages/RegisterSchool.tsx": 1778746038.8905199,
  "apps/web/src/pages/ParentProfilePage.tsx": 1778760496.7823367,
  "apps/web/src/pages/NotFound.tsx": 1778682553.2069855,
  "apps/web/src/pages/ClassesPage.tsx": 1778771630.0733986,
  "apps/web/src/pages/student/StudentGradesPage.tsx": 1778799586.811221,
  "apps/web/src/pages/student/StudentAttendancePage.tsx": 1778799625.9877388,
  "apps/web/src/pages/student/StudentMessagesPage.tsx": 1779246668.9245613,
  "apps/web/src/pages/student/StudentProfilePage.tsx": 1778799716.8953128,
  "apps/web/src/pages/student/StudentCoursesPage.tsx": 1778799021.8113759,
  "apps/web/src/pages/super-admin/SuperAdminSettingsPage.tsx": 1779189026.1924877,
  "apps/web/src/pages/super-admin/SuperAdminSchoolsPage.tsx": 1779188873.3342283,
  "apps/web/src/pages/super-admin/SuperAdminMessagesPage.tsx": 1779188999.309268,
  "apps/web/src/pages/super-admin/SuperAdminShell.tsx": 1779188828.8815336,
  "apps/web/src/pages/super-admin/SuperAdminReportsPage.tsx": 1779188960.6904433,
  "apps/web/src/pages/super-admin/SuperAdminUsersPage.tsx": 1779246668.7663705,
  "apps/web/src/pages/dashboards/SchoolAdminDashboard.tsx": 1778788863.96635,
  "apps/web/src/pages/dashboards/PersonalDashboardShell.tsx": 1778788019.7852223,
  "apps/web/src/pages/dashboards/StudentDashboard.tsx": 1778788019.8711798,
  "apps/web/src/pages/dashboards/SuperAdminDashboard.tsx": 1778788020.137151,
  "apps/web/src/pages/dashboards/types.ts": 1778788019.6943333,
  "apps/web/src/pages/dashboards/TeacherDashboard.tsx": 1779125705.3775618,
  "apps/web/src/pages/dashboards/ParentDashboard.tsx": 1778788020.051583,
  "apps/web/src/pages/dashboards/StaffDashboard.tsx": 1779247001.4347444,
  "apps/web/src/pages/role-workspaces/RoleWorkspacePage.tsx": 1779257474.0089252,
  "apps/web/src/pages/role-workspaces/RoleAwarePage.tsx": 1779295878.0110893,
  "apps/web/src/pages/staff/StaffRecordsPage.tsx": 1779295654.8810368,
  "apps/web/src/pages/staff/StaffGradesReportPage.tsx": 1779295709.3930278,
  "apps/web/src/pages/staff/StaffUtilityPages.tsx": 1779295673.9825537,
  "apps/web/src/pages/staff/StaffAttendanceReviewPage.tsx": 1779295800.6265097,
  "apps/web/src/pages/staff/StaffOverviewPage.tsx": 1779257477.3354366,
  "apps/web/src/pages/staff/StaffMessagesPage.tsx": 1779295689.6802294,
  "apps/web/src/pages/staff/ClassTutorWorkspacePage.tsx": 1779257388.2139816,
  "apps/web/src/pages/staff/AccountantPaymentsPage.tsx": 1779295827.483448,
  "apps/web/src/pages/teacher/TeacherMessagesPage.tsx": 1779246668.8453708,
  "apps/web/src/pages/teacher/TeacherAttendancePage.tsx": 1779068337.820999,
  "apps/web/src/pages/teacher/TeacherGradesPage.tsx": 1779188359.052173,
  "apps/web/src/pages/teacher/TeacherProfilePage.tsx": 1778845737.3660147,
  "apps/web/src/pages/teacher/TeacherClassesPage.tsx": 1778845543.6065452,
  "apps/web/src/services/auth.service.ts": 1778694155.899003,
  "apps/web/src/services/dashboard.service.ts": 1778705346.2302024,
  "apps/web/src/services/teachers.service.ts": 1778845505.1793692,
  "apps/web/src/services/platform.service.ts": 1779188754.0287187,
  "apps/web/src/services/students.service.ts": 1778798355.4241965,
  "apps/web/src/services/api.ts": 1778695226.4972544,
  "apps/web/src/services/classes.service.ts": 1778771598.1014378,
  "apps/web/src/services/grades.service.ts": 1779170065.3600385,
  "apps/web/src/services/messages.service.ts": 1778797920.0273461,
  "apps/web/src/services/parents.service.ts": 1778760380.7893353,
  "apps/web/src/services/attendance.service.ts": 1779068272.3064277,
  "apps/web/src/services/payments.service.ts": 1779257282.1909947,
  "apps/web/src/services/offlineAttendance.service.ts": 1779068223.5983784,
  "apps/mobile/index.ts": 1778698987.8306642,
  "apps/mobile/src/App.tsx": 1778744509.2165856,
  "apps/mobile/src/theme.ts": 1778698988.1427212,
  "apps/mobile/src/types/navigation.ts": 1779257360.059553,
  "apps/mobile/src/types/assets.d.ts": 1778741671.146577,
  "apps/mobile/src/context/LocaleContext.tsx": 1778744509.0415785,
  "apps/mobile/src/context/AuthContext.tsx": 1778699027.6167035,
  "apps/mobile/src/navigation/AppNavigator.tsx": 1779295568.7112517,
  "apps/mobile/src/screens/SimpleModuleScreen.tsx": 1778699236.2080114,
  "apps/mobile/src/screens/RegisterSchoolScreen.tsx": 1778744526.2354927,
  "apps/mobile/src/screens/ClassesScreen.tsx": 1779257279.746137,
  "apps/mobile/src/screens/PaymentsScreen.tsx": 1779257280.2303898,
  "apps/mobile/src/screens/ProfileScreen.tsx": 1778744509.5591726,
  "apps/mobile/src/screens/AttendanceScreen.tsx": 1778705477.9679658,
  "apps/mobile/src/screens/StaffScreen.tsx": 1779257316.9991095,
  "apps/mobile/src/screens/DashboardScreen.tsx": 1779295634.5343337,
  "apps/mobile/src/screens/StudentsScreen.tsx": 1778699330.1417487,
  "apps/mobile/src/screens/LoginScreen.tsx": 1778744509.392831,
  "apps/mobile/src/screens/RoleWorkspaceScreen.tsx": 1779257317.2268424,
  "apps/mobile/src/screens/ParentsScreen.tsx": 1779257279.9458034,
  "apps/mobile/src/components/StateViews.tsx": 1778699117.5290918,
  "apps/mobile/src/components/AppTextInput.tsx": 1778699117.4454496,
  "apps/mobile/src/components/MetricCard.tsx": 1778699117.6130059,
  "apps/mobile/src/components/LanguageSelector.tsx": 1778744509.127309,
  "apps/mobile/src/components/Screen.tsx": 1778699117.2776194,